1,1,Debidwar,দেবিদ্বার,debidwar.comilla.gov.bd,0,9/27/2021 17:07,9/27/2021 17:08
2,1,Barura,বরুড়া,barura.comilla.gov.bd,0,9/27/2021 17:07,9/27/2021 17:08
3,1,Brahmanpara,ব্রাহ্মণপাড়া,brahmanpara.comilla.gov.bd,0,9/27/2021 17:07,9/27/2021 17:08
4,1,Chandina,চান্দিনা,chandina.comilla.gov.bd,0,9/27/2021 17:07,9/27/2021 17:08
5,1,Chauddagram,চৌদ্দগ্রাম,chauddagram.comilla.gov.bd,0,9/27/2021 17:07,9/27/2021 17:08
6,1,Daudkandi,দাউদকান্দি,daudkandi.comilla.gov.bd,0,9/27/2021 17:07,9/27/2021 17:08
7,1,Homna,হোমনা,homna.comilla.gov.bd,0,9/27/2021 17:07,9/27/2021 17:08
8,1,Laksam,লাকসাম,laksam.comilla.gov.bd,0,9/27/2021 17:07,9/27/2021 17:08
9,1,Muradnagar,মুরাদনগর,muradnagar.comilla.gov.bd,0,9/27/2021 17:07,9/27/2021 17:08
10,1,Nangalkot,নাঙ্গলকোট,nangalkot.comilla.gov.bd,0,9/27/2021 17:07,9/27/2021 17:08
11,1,Comilla Sadar,কুমিল্লা সদর,comillasadar.comilla.gov.bd,0,9/27/2021 17:07,9/27/2021 17:08
12,1,Meghna,মেঘনা,meghna.comilla.gov.bd,0,9/27/2021 17:07,9/27/2021 17:08
13,1,Monohargonj,মনোহরগঞ্জ,monohargonj.comilla.gov.bd,0,9/27/2021 17:07,9/27/2021 17:08
14,1,Sadarsouth,সদর দক্ষিণ,sadarsouth.comilla.gov.bd,0,9/27/2021 17:07,9/27/2021 17:08
15,1,Titas,তিতাস,titas.comilla.gov.bd,0,9/27/2021 17:07,9/27/2021 17:08
16,1,Burichang,বুড়িচং,burichang.comilla.gov.bd,0,9/27/2021 17:07,9/27/2021 17:08
17,1,Lalmai,লালমাই,lalmai.comilla.gov.bd,0,9/27/2021 17:07,9/27/2021 17:08
18,2,Chhagalnaiya,ছাগলনাইয়া,chhagalnaiya.feni.gov.bd,0,9/27/2021 17:07,9/27/2021 17:08
19,2,Feni Sadar,ফেনী সদর,sadar.feni.gov.bd,0,9/27/2021 17:07,9/27/2021 17:08
20,2,Sonagazi,সোনাগাজী,sonagazi.feni.gov.bd,0,9/27/2021 17:07,9/27/2021 17:08
21,2,Fulgazi,ফুলগাজী,fulgazi.feni.gov.bd,0,9/27/2021 17:07,9/27/2021 17:08
22,2,Parshuram,পরশুরাম,parshuram.feni.gov.bd,0,9/27/2021 17:07,9/27/2021 17:08
23,2,Daganbhuiyan,দাগনভূঞা,daganbhuiyan.feni.gov.bd,0,9/27/2021 17:07,9/27/2021 17:08
24,3,Brahmanbaria Sadar,ব্রাহ্মণবাড়িয়া সদর,sadar.brahmanbaria.gov.bd,0,9/27/2021 17:07,9/27/2021 17:08
25,3,Kasba,কসবা,kasba.brahmanbaria.gov.bd,0,9/27/2021 17:07,9/27/2021 17:08
26,3,Nasirnagar,নাসিরনগর,nasirnagar.brahmanbaria.gov.bd,0,9/27/2021 17:07,9/27/2021 17:08
27,3,Sarail,সরাইল,sarail.brahmanbaria.gov.bd,0,9/27/2021 17:07,9/27/2021 17:08
28,3,Ashuganj,আশুগঞ্জ,ashuganj.brahmanbaria.gov.bd,0,9/27/2021 17:07,9/27/2021 17:08
29,3,Akhaura,আখাউড়া,akhaura.brahmanbaria.gov.bd,0,9/27/2021 17:07,9/27/2021 17:08
30,3,Nabinagar,নবীনগর,nabinagar.brahmanbaria.gov.bd,0,9/27/2021 17:07,9/27/2021 17:08
31,3,Bancharampur,বাঞ্ছারামপুর,bancharampur.brahmanbaria.gov.bd,0,9/27/2021 17:07,9/27/2021 17:08
32,3,Bijoynagar,বিজয়নগর,bijoynagar.brahmanbaria.gov.bd    ,0,9/27/2021 17:07,9/27/2021 17:08
33,4,Rangamati Sadar,রাঙ্গামাটি সদর,sadar.rangamati.gov.bd,0,9/27/2021 17:07,9/27/2021 17:08
34,4,Kaptai,কাপ্তাই,kaptai.rangamati.gov.bd,0,9/27/2021 17:07,9/27/2021 17:08
35,4,Kawkhali,কাউখালী,kawkhali.rangamati.gov.bd,0,9/27/2021 17:07,9/27/2021 17:08
36,4,Baghaichari,বাঘাইছড়ি,baghaichari.rangamati.gov.bd,0,9/27/2021 17:07,9/27/2021 17:08
37,4,Barkal,বরকল,barkal.rangamati.gov.bd,0,9/27/2021 17:07,9/27/2021 17:08
38,4,Langadu,লংগদু,langadu.rangamati.gov.bd,0,9/27/2021 17:07,9/27/2021 17:08
39,4,Rajasthali,রাজস্থলী,rajasthali.rangamati.gov.bd,0,9/27/2021 17:07,9/27/2021 17:08
40,4,Belaichari,বিলাইছড়ি,belaichari.rangamati.gov.bd,0,9/27/2021 17:07,9/27/2021 17:08
41,4,Juraichari,জুরাছড়ি,juraichari.rangamati.gov.bd,0,9/27/2021 17:07,9/27/2021 17:08
42,4,Naniarchar,নানিয়ারচর,naniarchar.rangamati.gov.bd,0,9/27/2021 17:07,9/27/2021 17:08
43,5,Noakhali Sadar,নোয়াখালী সদর,sadar.noakhali.gov.bd,0,9/27/2021 17:07,9/27/2021 17:08
44,5,Companiganj,কোম্পানীগঞ্জ,companiganj.noakhali.gov.bd,0,9/27/2021 17:07,9/27/2021 17:08
45,5,Begumganj,বেগমগঞ্জ,begumganj.noakhali.gov.bd,0,9/27/2021 17:07,9/27/2021 17:08
46,5,Hatia,হাতিয়া,hatia.noakhali.gov.bd,0,9/27/2021 17:07,9/27/2021 17:08
47,5,Subarnachar,সুবর্ণচর,subarnachar.noakhali.gov.bd,0,9/27/2021 17:07,9/27/2021 17:08
48,5,Kabirhat,কবিরহাট,kabirhat.noakhali.gov.bd,0,9/27/2021 17:07,9/27/2021 17:08
49,5,Senbug,সেনবাগ,senbug.noakhali.gov.bd,0,9/27/2021 17:07,9/27/2021 17:08
50,5,Chatkhil,চাটখিল,chatkhil.noakhali.gov.bd,0,9/27/2021 17:07,9/27/2021 17:08
51,5,Sonaimori,সোনাইমুড়ী,sonaimori.noakhali.gov.bd,0,9/27/2021 17:07,9/27/2021 17:08
52,6,Haimchar,হাইমচর,haimchar.chandpur.gov.bd,0,9/27/2021 17:07,9/27/2021 17:08
53,6,Kachua,কচুয়া,kachua.chandpur.gov.bd,0,9/27/2021 17:07,9/27/2021 17:08
54,6,Shahrasti,"শাহরাস্তি	",shahrasti.chandpur.gov.bd,0,9/27/2021 17:07,9/27/2021 17:08
55,6,Chandpur Sadar,চাঁদপুর সদর,sadar.chandpur.gov.bd,0,9/27/2021 17:07,9/27/2021 17:08
56,6,Matlab South,মতলব দক্ষিণ,matlabsouth.chandpur.gov.bd,0,9/27/2021 17:07,9/27/2021 17:08
57,6,Hajiganj,হাজীগঞ্জ,hajiganj.chandpur.gov.bd,0,9/27/2021 17:07,9/27/2021 17:08
58,6,Matlab North,মতলব উত্তর,matlabnorth.chandpur.gov.bd,0,9/27/2021 17:07,9/27/2021 17:08
59,6,Faridgonj,ফরিদগঞ্জ,faridgonj.chandpur.gov.bd,0,9/27/2021 17:07,9/27/2021 17:08
60,7,Lakshmipur Sadar,লক্ষ্মীপুর সদর,sadar.lakshmipur.gov.bd,0,9/27/2021 17:07,9/27/2021 17:08
61,7,Kamalnagar,কমলনগর,kamalnagar.lakshmipur.gov.bd,0,9/27/2021 17:07,9/27/2021 17:08
62,7,Raipur,রায়পুর,raipur.lakshmipur.gov.bd,0,9/27/2021 17:07,9/27/2021 17:08
63,7,Ramgati,রামগতি,ramgati.lakshmipur.gov.bd,0,9/27/2021 17:07,9/27/2021 17:08
64,7,Ramganj,রামগঞ্জ,ramganj.lakshmipur.gov.bd,0,9/27/2021 17:07,9/27/2021 17:08
65,8,Rangunia,রাঙ্গুনিয়া,rangunia.chittagong.gov.bd,0,9/27/2021 17:07,9/27/2021 17:08
66,8,Sitakunda,সীতাকুন্ড,sitakunda.chittagong.gov.bd,0,9/27/2021 17:07,9/27/2021 17:08
67,8,Mirsharai,মীরসরাই,mirsharai.chittagong.gov.bd,0,9/27/2021 17:07,9/27/2021 17:08
68,8,Patiya,পটিয়া,patiya.chittagong.gov.bd,0,9/27/2021 17:07,9/27/2021 17:08
69,8,Sandwip,সন্দ্বীপ,sandwip.chittagong.gov.bd,0,9/27/2021 17:07,9/27/2021 17:08
70,8,Banshkhali,বাঁশখালী,banshkhali.chittagong.gov.bd,0,9/27/2021 17:07,9/27/2021 17:08
71,8,Boalkhali,বোয়ালখালী,boalkhali.chittagong.gov.bd,0,9/27/2021 17:07,9/27/2021 17:08
72,8,Anwara,আনোয়ারা,anwara.chittagong.gov.bd,0,9/27/2021 17:07,9/27/2021 17:08
73,8,Chandanaish,চন্দনাইশ,chandanaish.chittagong.gov.bd,0,9/27/2021 17:07,9/27/2021 17:08
74,8,Satkania,সাতকানিয়া,satkania.chittagong.gov.bd,0,9/27/2021 17:07,9/27/2021 17:08
75,8,Lohagara,লোহাগাড়া,lohagara.chittagong.gov.bd,0,9/27/2021 17:07,9/27/2021 17:08
76,8,Hathazari,হাটহাজারী,hathazari.chittagong.gov.bd,0,9/27/2021 17:07,9/27/2021 17:08
77,8,Fatikchhari,ফটিকছড়ি,fatikchhari.chittagong.gov.bd,0,9/27/2021 17:07,9/27/2021 17:08
78,8,Raozan,রাউজান,raozan.chittagong.gov.bd,0,9/27/2021 17:07,9/27/2021 17:08
79,8,Karnafuli,কর্ণফুলী,karnafuli.chittagong.gov.bd,0,9/27/2021 17:07,9/27/2021 17:08
80,9,Coxsbazar Sadar,কক্সবাজার সদর,sadar.coxsbazar.gov.bd,0,9/27/2021 17:07,9/27/2021 17:08
81,9,Chakaria,চকরিয়া,chakaria.coxsbazar.gov.bd,0,9/27/2021 17:07,9/27/2021 17:08
82,9,Kutubdia,কুতুবদিয়া,kutubdia.coxsbazar.gov.bd,0,9/27/2021 17:07,9/27/2021 17:08
83,9,Ukhiya,উখিয়া,ukhiya.coxsbazar.gov.bd,0,9/27/2021 17:07,9/27/2021 17:08
84,9,Moheshkhali,মহেশখালী,moheshkhali.coxsbazar.gov.bd,0,9/27/2021 17:07,9/27/2021 17:08
85,9,Pekua,পেকুয়া,pekua.coxsbazar.gov.bd,0,9/27/2021 17:07,9/27/2021 17:08
86,9,Ramu,রামু,ramu.coxsbazar.gov.bd,0,9/27/2021 17:07,9/27/2021 17:08
87,9,Teknaf,টেকনাফ,teknaf.coxsbazar.gov.bd,0,9/27/2021 17:07,9/27/2021 17:08
88,10,Khagrachhari Sadar,খাগড়াছড়ি সদর,sadar.khagrachhari.gov.bd,0,9/27/2021 17:07,9/27/2021 17:08
89,10,Dighinala,দিঘীনালা,dighinala.khagrachhari.gov.bd,0,9/27/2021 17:07,9/27/2021 17:08
90,10,Panchari,পানছড়ি,panchari.khagrachhari.gov.bd,0,9/27/2021 17:07,9/27/2021 17:08
91,10,Laxmichhari,লক্ষীছড়ি,laxmichhari.khagrachhari.gov.bd,0,9/27/2021 17:07,9/27/2021 17:08
92,10,Mohalchari,মহালছড়ি,mohalchari.khagrachhari.gov.bd,0,9/27/2021 17:07,9/27/2021 17:08
93,10,Manikchari,মানিকছড়ি,manikchari.khagrachhari.gov.bd,0,9/27/2021 17:07,9/27/2021 17:08
94,10,Ramgarh,রামগড়,ramgarh.khagrachhari.gov.bd,0,9/27/2021 17:07,9/27/2021 17:08
95,10,Matiranga,মাটিরাঙ্গা,matiranga.khagrachhari.gov.bd,0,9/27/2021 17:07,9/27/2021 17:08
96,10,Guimara,গুইমারা,guimara.khagrachhari.gov.bd,0,9/27/2021 17:07,9/27/2021 17:08
97,11,Bandarban Sadar,বান্দরবান সদর,sadar.bandarban.gov.bd,0,9/27/2021 17:07,9/27/2021 17:08
98,11,Alikadam,আলীকদম,alikadam.bandarban.gov.bd,0,9/27/2021 17:07,9/27/2021 17:08
99,11,Naikhongchhari,নাইক্ষ্যংছড়ি,naikhongchhari.bandarban.gov.bd,0,9/27/2021 17:07,9/27/2021 17:08
100,11,Rowangchhari,রোয়াংছড়ি,rowangchhari.bandarban.gov.bd,0,9/27/2021 17:07,9/27/2021 17:08
101,11,Lama,লামা,lama.bandarban.gov.bd,0,9/27/2021 17:07,9/27/2021 17:08
102,11,Ruma,রুমা,ruma.bandarban.gov.bd,0,9/27/2021 17:07,9/27/2021 17:08
103,11,Thanchi,থানচি,thanchi.bandarban.gov.bd,0,9/27/2021 17:07,9/27/2021 17:08
104,12,Belkuchi,বেলকুচি,belkuchi.sirajganj.gov.bd,0,9/27/2021 17:07,9/27/2021 17:08
105,12,Chauhali,চৌহালি,chauhali.sirajganj.gov.bd,0,9/27/2021 17:07,9/27/2021 17:08
106,12,Kamarkhand,কামারখন্দ,kamarkhand.sirajganj.gov.bd,0,9/27/2021 17:07,9/27/2021 17:08
107,12,Kazipur,কাজীপুর,kazipur.sirajganj.gov.bd,0,9/27/2021 17:07,9/27/2021 17:08
108,12,Raigonj,রায়গঞ্জ,raigonj.sirajganj.gov.bd,0,9/27/2021 17:07,9/27/2021 17:08
109,12,Shahjadpur,শাহজাদপুর,shahjadpur.sirajganj.gov.bd,0,9/27/2021 17:07,9/27/2021 17:08
110,12,Sirajganj Sadar,সিরাজগঞ্জ সদর,sirajganjsadar.sirajganj.gov.bd,0,9/27/2021 17:07,9/27/2021 17:08
111,12,Tarash,তাড়াশ,tarash.sirajganj.gov.bd,0,9/27/2021 17:07,9/27/2021 17:08
112,12,Ullapara,উল্লাপাড়া,ullapara.sirajganj.gov.bd,0,9/27/2021 17:07,9/27/2021 17:08
113,13,Sujanagar,সুজানগর,sujanagar.pabna.gov.bd,0,9/27/2021 17:07,9/27/2021 17:08
114,13,Ishurdi,ঈশ্বরদী,ishurdi.pabna.gov.bd,0,9/27/2021 17:07,9/27/2021 17:08
115,13,Bhangura,ভাঙ্গুড়া,bhangura.pabna.gov.bd,0,9/27/2021 17:07,9/27/2021 17:08
116,13,Pabna Sadar,পাবনা সদর,pabnasadar.pabna.gov.bd,0,9/27/2021 17:07,9/27/2021 17:08
117,13,Bera,বেড়া,bera.pabna.gov.bd,0,9/27/2021 17:07,9/27/2021 17:08
118,13,Atghoria,আটঘরিয়া,atghoria.pabna.gov.bd,0,9/27/2021 17:07,9/27/2021 17:08
119,13,Chatmohar,চাটমোহর,chatmohar.pabna.gov.bd,0,9/27/2021 17:07,9/27/2021 17:08
120,13,Santhia,সাঁথিয়া,santhia.pabna.gov.bd,0,9/27/2021 17:07,9/27/2021 17:08
121,13,Faridpur,ফরিদপুর,faridpur.pabna.gov.bd,0,9/27/2021 17:07,9/27/2021 17:08
122,14,Kahaloo,কাহালু,kahaloo.bogra.gov.bd,0,9/27/2021 17:07,9/27/2021 17:08
123,14,Bogra Sadar,বগুড়া সদর,sadar.bogra.gov.bd,0,9/27/2021 17:07,9/27/2021 17:08
124,14,Shariakandi,সারিয়াকান্দি,shariakandi.bogra.gov.bd,0,9/27/2021 17:07,9/27/2021 17:08
125,14,Shajahanpur,শাজাহানপুর,shajahanpur.bogra.gov.bd,0,9/27/2021 17:07,9/27/2021 17:08
126,14,Dupchanchia,দুপচাচিঁয়া,dupchanchia.bogra.gov.bd,0,9/27/2021 17:07,9/27/2021 17:08
127,14,Adamdighi,আদমদিঘি,adamdighi.bogra.gov.bd,0,9/27/2021 17:07,9/27/2021 17:08
128,14,Nondigram,নন্দিগ্রাম,nondigram.bogra.gov.bd,0,9/27/2021 17:07,9/27/2021 17:08
129,14,Sonatala,সোনাতলা,sonatala.bogra.gov.bd,0,9/27/2021 17:07,9/27/2021 17:08
130,14,Dhunot,ধুনট,dhunot.bogra.gov.bd,0,9/27/2021 17:07,9/27/2021 17:08
131,14,Gabtali,গাবতলী,gabtali.bogra.gov.bd,0,9/27/2021 17:07,9/27/2021 17:08
132,14,Sherpur,শেরপুর,sherpur.bogra.gov.bd,0,9/27/2021 17:07,9/27/2021 17:08
133,14,Shibganj,শিবগঞ্জ,shibganj.bogra.gov.bd,0,9/27/2021 17:07,9/27/2021 17:08
134,15,Paba,পবা,paba.rajshahi.gov.bd,0,9/27/2021 17:07,9/27/2021 17:08
135,15,Durgapur,দুর্গাপুর,durgapur.rajshahi.gov.bd,0,9/27/2021 17:07,9/27/2021 17:08
136,15,Mohonpur,মোহনপুর,mohonpur.rajshahi.gov.bd,0,9/27/2021 17:07,9/27/2021 17:08
137,15,Charghat,চারঘাট,charghat.rajshahi.gov.bd,0,9/27/2021 17:07,9/27/2021 17:08
138,15,Puthia,পুঠিয়া,puthia.rajshahi.gov.bd,0,9/27/2021 17:07,9/27/2021 17:08
139,15,Bagha,বাঘা,bagha.rajshahi.gov.bd,0,9/27/2021 17:07,9/27/2021 17:08
140,15,Godagari,গোদাগাড়ী,godagari.rajshahi.gov.bd,0,9/27/2021 17:07,9/27/2021 17:08
141,15,Tanore,তানোর,tanore.rajshahi.gov.bd,0,9/27/2021 17:07,9/27/2021 17:08
142,15,Bagmara,বাগমারা,bagmara.rajshahi.gov.bd,0,9/27/2021 17:07,9/27/2021 17:08
143,16,Natore Sadar,নাটোর সদর,natoresadar.natore.gov.bd,0,9/27/2021 17:07,9/27/2021 17:08
144,16,Singra,সিংড়া,singra.natore.gov.bd,0,9/27/2021 17:07,9/27/2021 17:08
145,16,Baraigram,বড়াইগ্রাম,baraigram.natore.gov.bd,0,9/27/2021 17:07,9/27/2021 17:08
146,16,Bagatipara,বাগাতিপাড়া,bagatipara.natore.gov.bd,0,9/27/2021 17:07,9/27/2021 17:08
147,16,Lalpur,লালপুর,lalpur.natore.gov.bd,0,9/27/2021 17:07,9/27/2021 17:08
148,16,Gurudaspur,গুরুদাসপুর,gurudaspur.natore.gov.bd,0,9/27/2021 17:07,9/27/2021 17:08
149,16,Naldanga,নলডাঙ্গা,naldanga.natore.gov.bd,0,9/27/2021 17:07,9/27/2021 17:08
150,17,Akkelpur,আক্কেলপুর,akkelpur.joypurhat.gov.bd,0,9/27/2021 17:07,9/27/2021 17:08
151,17,Kalai,কালাই,kalai.joypurhat.gov.bd,0,9/27/2021 17:07,9/27/2021 17:08
152,17,Khetlal,ক্ষেতলাল,khetlal.joypurhat.gov.bd,0,9/27/2021 17:07,9/27/2021 17:08
153,17,Panchbibi,পাঁচবিবি,panchbibi.joypurhat.gov.bd,0,9/27/2021 17:07,9/27/2021 17:08
154,17,Joypurhat Sadar,জয়পুরহাট সদর,joypurhatsadar.joypurhat.gov.bd,0,9/27/2021 17:07,9/27/2021 17:08
155,18,Chapainawabganj Sadar,চাঁপাইনবাবগঞ্জ সদর,chapainawabganjsadar.chapainawabganj.gov.bd,0,9/27/2021 17:07,9/27/2021 17:08
156,18,Gomostapur,গোমস্তাপুর,gomostapur.chapainawabganj.gov.bd,0,9/27/2021 17:07,9/27/2021 17:08
157,18,Nachol,নাচোল,nachol.chapainawabganj.gov.bd,0,9/27/2021 17:07,9/27/2021 17:08
158,18,Bholahat,ভোলাহাট,bholahat.chapainawabganj.gov.bd,0,9/27/2021 17:07,9/27/2021 17:08
159,18,Shibganj,শিবগঞ্জ,shibganj.chapainawabganj.gov.bd,0,9/27/2021 17:07,9/27/2021 17:08
160,19,Mohadevpur,মহাদেবপুর,mohadevpur.naogaon.gov.bd,0,9/27/2021 17:07,9/27/2021 17:08
161,19,Badalgachi,বদলগাছী,badalgachi.naogaon.gov.bd,0,9/27/2021 17:07,9/27/2021 17:08
162,19,Patnitala,পত্নিতলা,patnitala.naogaon.gov.bd,0,9/27/2021 17:07,9/27/2021 17:08
163,19,Dhamoirhat,ধামইরহাট,dhamoirhat.naogaon.gov.bd,0,9/27/2021 17:07,9/27/2021 17:08
164,19,Niamatpur,নিয়ামতপুর,niamatpur.naogaon.gov.bd,0,9/27/2021 17:07,9/27/2021 17:08
165,19,Manda,মান্দা,manda.naogaon.gov.bd,0,9/27/2021 17:07,9/27/2021 17:08
166,19,Atrai,আত্রাই,atrai.naogaon.gov.bd,0,9/27/2021 17:07,9/27/2021 17:08
167,19,Raninagar,রাণীনগর,raninagar.naogaon.gov.bd,0,9/27/2021 17:07,9/27/2021 17:08
168,19,Naogaon Sadar,নওগাঁ সদর,naogaonsadar.naogaon.gov.bd,0,9/27/2021 17:07,9/27/2021 17:08
169,19,Porsha,পোরশা,porsha.naogaon.gov.bd,0,9/27/2021 17:07,9/27/2021 17:08
170,19,Sapahar,সাপাহার,sapahar.naogaon.gov.bd,0,9/27/2021 17:07,9/27/2021 17:08
171,20,Manirampur,মণিরামপুর,manirampur.jessore.gov.bd,0,9/27/2021 17:07,9/27/2021 17:08
172,20,Abhaynagar,অভয়নগর,abhaynagar.jessore.gov.bd,0,9/27/2021 17:07,9/27/2021 17:08
173,20,Bagherpara,বাঘারপাড়া,bagherpara.jessore.gov.bd,0,9/27/2021 17:07,9/27/2021 17:08
174,20,Chougachha,চৌগাছা,chougachha.jessore.gov.bd,0,9/27/2021 17:07,9/27/2021 17:08
175,20,Jhikargacha,ঝিকরগাছা,jhikargacha.jessore.gov.bd,0,9/27/2021 17:07,9/27/2021 17:08
176,20,Keshabpur,কেশবপুর,keshabpur.jessore.gov.bd,0,9/27/2021 17:07,9/27/2021 17:08
177,20,Jessore Sadar,যশোর সদর,sadar.jessore.gov.bd,0,9/27/2021 17:07,9/27/2021 17:08
178,20,Sharsha,শার্শা,sharsha.jessore.gov.bd,0,9/27/2021 17:07,9/27/2021 17:08
179,21,Assasuni,আশাশুনি,assasuni.satkhira.gov.bd,0,9/27/2021 17:07,9/27/2021 17:08
180,21,Debhata,দেবহাটা,debhata.satkhira.gov.bd,0,9/27/2021 17:07,9/27/2021 17:08
181,21,Kalaroa,কলারোয়া,kalaroa.satkhira.gov.bd,0,9/27/2021 17:07,9/27/2021 17:08
182,21,Satkhira Sadar,সাতক্ষীরা সদর,satkhirasadar.satkhira.gov.bd,0,9/27/2021 17:07,9/27/2021 17:08
183,21,Shyamnagar,শ্যামনগর,shyamnagar.satkhira.gov.bd,0,9/27/2021 17:07,9/27/2021 17:08
184,21,Tala,তালা,tala.satkhira.gov.bd,0,9/27/2021 17:07,9/27/2021 17:08
185,21,Kaliganj,কালিগঞ্জ,kaliganj.satkhira.gov.bd,0,9/27/2021 17:07,9/27/2021 17:08
186,22,Mujibnagar,মুজিবনগর,mujibnagar.meherpur.gov.bd,0,9/27/2021 17:07,9/27/2021 17:08
187,22,Meherpur Sadar,মেহেরপুর সদর,meherpursadar.meherpur.gov.bd,0,9/27/2021 17:07,9/27/2021 17:08
188,22,Gangni,গাংনী,gangni.meherpur.gov.bd,0,9/27/2021 17:07,9/27/2021 17:08
189,23,Narail Sadar,নড়াইল সদর,narailsadar.narail.gov.bd,0,9/27/2021 17:07,9/27/2021 17:08
190,23,Lohagara,লোহাগড়া,lohagara.narail.gov.bd,0,9/27/2021 17:07,9/27/2021 17:08
191,23,Kalia,কালিয়া,kalia.narail.gov.bd,0,9/27/2021 17:07,9/27/2021 17:08
192,24,Chuadanga Sadar,চুয়াডাঙ্গা সদর,chuadangasadar.chuadanga.gov.bd,0,9/27/2021 17:07,9/27/2021 17:08
193,24,Alamdanga,আলমডাঙ্গা,alamdanga.chuadanga.gov.bd,0,9/27/2021 17:07,9/27/2021 17:08
194,24,Damurhuda,দামুড়হুদা,damurhuda.chuadanga.gov.bd,0,9/27/2021 17:07,9/27/2021 17:08
195,24,Jibannagar,জীবননগর,jibannagar.chuadanga.gov.bd,0,9/27/2021 17:07,9/27/2021 17:08
196,25,Kushtia Sadar,কুষ্টিয়া সদর,kushtiasadar.kushtia.gov.bd,0,9/27/2021 17:07,9/27/2021 17:08
197,25,Kumarkhali,কুমারখালী,kumarkhali.kushtia.gov.bd,0,9/27/2021 17:07,9/27/2021 17:08
198,25,Khoksa,খোকসা,khoksa.kushtia.gov.bd,0,9/27/2021 17:07,9/27/2021 17:08
199,25,Mirpur,মিরপুর,mirpurkushtia.kushtia.gov.bd,0,9/27/2021 17:07,9/27/2021 17:08
200,25,Daulatpur,দৌলতপুর,daulatpur.kushtia.gov.bd,0,9/27/2021 17:07,9/27/2021 17:08
201,25,Bheramara,ভেড়ামারা,bheramara.kushtia.gov.bd,0,9/27/2021 17:07,9/27/2021 17:08
202,26,Shalikha,শালিখা,shalikha.magura.gov.bd,0,9/27/2021 17:07,9/27/2021 17:08
203,26,Sreepur,শ্রীপুর,sreepur.magura.gov.bd,0,9/27/2021 17:07,9/27/2021 17:08
204,26,Magura Sadar,মাগুরা সদর,magurasadar.magura.gov.bd,0,9/27/2021 17:07,9/27/2021 17:08
205,26,Mohammadpur,মহম্মদপুর,mohammadpur.magura.gov.bd,0,9/27/2021 17:07,9/27/2021 17:08
206,27,Paikgasa,পাইকগাছা,paikgasa.khulna.gov.bd,0,9/27/2021 17:07,9/27/2021 17:08
207,27,Fultola,ফুলতলা,fultola.khulna.gov.bd,0,9/27/2021 17:07,9/27/2021 17:08
208,27,Digholia,দিঘলিয়া,digholia.khulna.gov.bd,0,9/27/2021 17:07,9/27/2021 17:08
209,27,Rupsha,রূপসা,rupsha.khulna.gov.bd,0,9/27/2021 17:07,9/27/2021 17:08
210,27,Terokhada,তেরখাদা,terokhada.khulna.gov.bd,0,9/27/2021 17:07,9/27/2021 17:08
211,27,Dumuria,ডুমুরিয়া,dumuria.khulna.gov.bd,0,9/27/2021 17:07,9/27/2021 17:08
212,27,Botiaghata,বটিয়াঘাটা,botiaghata.khulna.gov.bd,0,9/27/2021 17:07,9/27/2021 17:08
213,27,Dakop,দাকোপ,dakop.khulna.gov.bd,0,9/27/2021 17:07,9/27/2021 17:08
214,27,Koyra,কয়রা,koyra.khulna.gov.bd,0,9/27/2021 17:07,9/27/2021 17:08
215,28,Fakirhat,ফকিরহাট,fakirhat.bagerhat.gov.bd,0,9/27/2021 17:07,9/27/2021 17:08
216,28,Bagerhat Sadar,বাগেরহাট সদর,sadar.bagerhat.gov.bd,0,9/27/2021 17:07,9/27/2021 17:08
217,28,Mollahat,মোল্লাহাট,mollahat.bagerhat.gov.bd,0,9/27/2021 17:07,9/27/2021 17:08
218,28,Sarankhola,শরণখোলা,sarankhola.bagerhat.gov.bd,0,9/27/2021 17:07,9/27/2021 17:08
219,28,Rampal,রামপাল,rampal.bagerhat.gov.bd,0,9/27/2021 17:07,9/27/2021 17:08
220,28,Morrelganj,মোড়েলগঞ্জ,morrelganj.bagerhat.gov.bd,0,9/27/2021 17:07,9/27/2021 17:08
221,28,Kachua,কচুয়া,kachua.bagerhat.gov.bd,0,9/27/2021 17:07,9/27/2021 17:08
222,28,Mongla,মোংলা,mongla.bagerhat.gov.bd,0,9/27/2021 17:07,9/27/2021 17:08
223,28,Chitalmari,চিতলমারী,chitalmari.bagerhat.gov.bd,0,9/27/2021 17:07,9/27/2021 17:08
224,29,Jhenaidah Sadar,ঝিনাইদহ সদর,sadar.jhenaidah.gov.bd,0,9/27/2021 17:07,9/27/2021 17:08
225,29,Shailkupa,শৈলকুপা,shailkupa.jhenaidah.gov.bd,0,9/27/2021 17:07,9/27/2021 17:08
226,29,Harinakundu,হরিণাকুন্ডু,harinakundu.jhenaidah.gov.bd,0,9/27/2021 17:07,9/27/2021 17:08
227,29,Kaliganj,কালীগঞ্জ,kaliganj.jhenaidah.gov.bd,0,9/27/2021 17:07,9/27/2021 17:08
228,29,Kotchandpur,কোটচাঁদপুর,kotchandpur.jhenaidah.gov.bd,0,9/27/2021 17:07,9/27/2021 17:08
229,29,Moheshpur,মহেশপুর,moheshpur.jhenaidah.gov.bd,0,9/27/2021 17:07,9/27/2021 17:08
230,30,Jhalakathi Sadar,ঝালকাঠি সদর,sadar.jhalakathi.gov.bd,0,9/27/2021 17:07,9/27/2021 17:08
231,30,Kathalia,কাঠালিয়া,kathalia.jhalakathi.gov.bd,0,9/27/2021 17:07,9/27/2021 17:08
232,30,Nalchity,নলছিটি,nalchity.jhalakathi.gov.bd,0,9/27/2021 17:07,9/27/2021 17:08
233,30,Rajapur,রাজাপুর,rajapur.jhalakathi.gov.bd,0,9/27/2021 17:07,9/27/2021 17:08
234,31,Bauphal,বাউফল,bauphal.patuakhali.gov.bd,0,9/27/2021 17:07,9/27/2021 17:08
235,31,Patuakhali Sadar,পটুয়াখালী সদর,sadar.patuakhali.gov.bd,0,9/27/2021 17:07,9/27/2021 17:08
236,31,Dumki,দুমকি,dumki.patuakhali.gov.bd,0,9/27/2021 17:07,9/27/2021 17:08
237,31,Dashmina,দশমিনা,dashmina.patuakhali.gov.bd,0,9/27/2021 17:07,9/27/2021 17:08
238,31,Kalapara,কলাপাড়া,kalapara.patuakhali.gov.bd,0,9/27/2021 17:07,9/27/2021 17:08
239,31,Mirzaganj,মির্জাগঞ্জ,mirzaganj.patuakhali.gov.bd,0,9/27/2021 17:07,9/27/2021 17:08
240,31,Galachipa,গলাচিপা,galachipa.patuakhali.gov.bd,0,9/27/2021 17:07,9/27/2021 17:08
241,31,Rangabali,রাঙ্গাবালী,rangabali.patuakhali.gov.bd,0,9/27/2021 17:07,9/27/2021 17:08
242,32,Pirojpur Sadar,পিরোজপুর সদর,sadar.pirojpur.gov.bd,0,9/27/2021 17:07,9/27/2021 17:08
243,32,Nazirpur,নাজিরপুর,nazirpur.pirojpur.gov.bd,0,9/27/2021 17:07,9/27/2021 17:08
244,32,Kawkhali,কাউখালী,kawkhali.pirojpur.gov.bd,0,9/27/2021 17:07,9/27/2021 17:08
245,32,Zianagar,জিয়ানগর,zianagar.pirojpur.gov.bd,0,9/27/2021 17:07,9/27/2021 17:08
246,32,Bhandaria,ভান্ডারিয়া,bhandaria.pirojpur.gov.bd,0,9/27/2021 17:07,9/27/2021 17:08
247,32,Mathbaria,মঠবাড়ীয়া,mathbaria.pirojpur.gov.bd,0,9/27/2021 17:07,9/27/2021 17:08
248,32,Nesarabad,নেছারাবাদ,nesarabad.pirojpur.gov.bd,0,9/27/2021 17:07,9/27/2021 17:08
249,33,Barisal Sadar,বরিশাল সদর,barisalsadar.barisal.gov.bd,0,9/27/2021 17:07,9/27/2021 17:08
250,33,Bakerganj,বাকেরগঞ্জ,bakerganj.barisal.gov.bd,0,9/27/2021 17:07,9/27/2021 17:08
251,33,Babuganj,বাবুগঞ্জ,babuganj.barisal.gov.bd,0,9/27/2021 17:07,9/27/2021 17:08
252,33,Wazirpur,উজিরপুর,wazirpur.barisal.gov.bd,0,9/27/2021 17:07,9/27/2021 17:08
253,33,Banaripara,বানারীপাড়া,banaripara.barisal.gov.bd,0,9/27/2021 17:07,9/27/2021 17:08
254,33,Gournadi,গৌরনদী,gournadi.barisal.gov.bd,0,9/27/2021 17:07,9/27/2021 17:08
255,33,Agailjhara,আগৈলঝাড়া,agailjhara.barisal.gov.bd,0,9/27/2021 17:07,9/27/2021 17:08
256,33,Mehendiganj,মেহেন্দিগঞ্জ,mehendiganj.barisal.gov.bd,0,9/27/2021 17:07,9/27/2021 17:08
257,33,Muladi,মুলাদী,muladi.barisal.gov.bd,0,9/27/2021 17:07,9/27/2021 17:08
258,33,Hizla,হিজলা,hizla.barisal.gov.bd,0,9/27/2021 17:07,9/27/2021 17:08
259,34,Bhola Sadar,ভোলা সদর,sadar.bhola.gov.bd,0,9/27/2021 17:07,9/27/2021 17:08
260,34,Borhan Sddin,বোরহান উদ্দিন,borhanuddin.bhola.gov.bd,0,9/27/2021 17:07,9/27/2021 17:08
261,34,Charfesson,চরফ্যাশন,charfesson.bhola.gov.bd,0,9/27/2021 17:07,9/27/2021 17:08
262,34,Doulatkhan,দৌলতখান,doulatkhan.bhola.gov.bd,0,9/27/2021 17:07,9/27/2021 17:08
263,34,Monpura,মনপুরা,monpura.bhola.gov.bd,0,9/27/2021 17:07,9/27/2021 17:08
264,34,Tazumuddin,তজুমদ্দিন,tazumuddin.bhola.gov.bd,0,9/27/2021 17:07,9/27/2021 17:08
265,34,Lalmohan,লালমোহন,lalmohan.bhola.gov.bd,0,9/27/2021 17:07,9/27/2021 17:08
266,35,Amtali,আমতলী,amtali.barguna.gov.bd,0,9/27/2021 17:07,9/27/2021 17:08
267,35,Barguna Sadar,বরগুনা সদর,sadar.barguna.gov.bd,0,9/27/2021 17:07,9/27/2021 17:08
268,35,Betagi,বেতাগী,betagi.barguna.gov.bd,0,9/27/2021 17:07,9/27/2021 17:08
269,35,Bamna,বামনা,bamna.barguna.gov.bd,0,9/27/2021 17:07,9/27/2021 17:08
270,35,Pathorghata,পাথরঘাটা,pathorghata.barguna.gov.bd,0,9/27/2021 17:07,9/27/2021 17:08
271,35,Taltali,তালতলি,taltali.barguna.gov.bd,0,9/27/2021 17:07,9/27/2021 17:08
272,36,Balaganj,বালাগঞ্জ,balaganj.sylhet.gov.bd,0,9/27/2021 17:07,9/27/2021 17:08
273,36,Beanibazar,বিয়ানীবাজার,beanibazar.sylhet.gov.bd,0,9/27/2021 17:07,9/27/2021 17:08
274,36,Bishwanath,বিশ্বনাথ,bishwanath.sylhet.gov.bd,0,9/27/2021 17:07,9/27/2021 17:08
275,36,Companiganj,কোম্পানীগঞ্জ,companiganj.sylhet.gov.bd,0,9/27/2021 17:07,9/27/2021 17:08
276,36,Fenchuganj,ফেঞ্চুগঞ্জ,fenchuganj.sylhet.gov.bd,0,9/27/2021 17:07,9/27/2021 17:08
277,36,Golapganj,গোলাপগঞ্জ,golapganj.sylhet.gov.bd,0,9/27/2021 17:07,9/27/2021 17:08
278,36,Gowainghat,গোয়াইনঘাট,gowainghat.sylhet.gov.bd,0,9/27/2021 17:07,9/27/2021 17:08
279,36,Jaintiapur,জৈন্তাপুর,jaintiapur.sylhet.gov.bd,0,9/27/2021 17:07,9/27/2021 17:08
280,36,Kanaighat,কানাইঘাট,kanaighat.sylhet.gov.bd,0,9/27/2021 17:07,9/27/2021 17:08
281,36,Sylhet Sadar,সিলেট সদর,sylhetsadar.sylhet.gov.bd,0,9/27/2021 17:07,9/27/2021 17:08
282,36,Zakiganj,জকিগঞ্জ,zakiganj.sylhet.gov.bd,0,9/27/2021 17:07,9/27/2021 17:08
283,36,Dakshinsurma,দক্ষিণ সুরমা,dakshinsurma.sylhet.gov.bd,0,9/27/2021 17:07,9/27/2021 17:08
284,36,Osmaninagar,ওসমানী নগর,osmaninagar.sylhet.gov.bd,0,9/27/2021 17:07,9/27/2021 17:08
285,37,Barlekha,বড়লেখা,barlekha.moulvibazar.gov.bd,0,9/27/2021 17:07,9/27/2021 17:08
286,37,Kamolganj,কমলগঞ্জ,kamolganj.moulvibazar.gov.bd,0,9/27/2021 17:07,9/27/2021 17:08
287,37,Kulaura,কুলাউড়া,kulaura.moulvibazar.gov.bd,0,9/27/2021 17:07,9/27/2021 17:08
288,37,Moulvibazar Sadar,মৌলভীবাজার সদর,moulvibazarsadar.moulvibazar.gov.bd,0,9/27/2021 17:07,9/27/2021 17:08
289,37,Rajnagar,রাজনগর,rajnagar.moulvibazar.gov.bd,0,9/27/2021 17:07,9/27/2021 17:08
290,37,Sreemangal,শ্রীমঙ্গল,sreemangal.moulvibazar.gov.bd,0,9/27/2021 17:07,9/27/2021 17:08
291,37,Juri,জুড়ী,juri.moulvibazar.gov.bd,0,9/27/2021 17:07,9/27/2021 17:08
292,38,Nabiganj,নবীগঞ্জ,nabiganj.habiganj.gov.bd,0,9/27/2021 17:07,9/27/2021 17:08
293,38,Bahubal,বাহুবল,bahubal.habiganj.gov.bd,0,9/27/2021 17:07,9/27/2021 17:08
294,38,Ajmiriganj,আজমিরীগঞ্জ,ajmiriganj.habiganj.gov.bd,0,9/27/2021 17:07,9/27/2021 17:08
295,38,Baniachong,বানিয়াচং,baniachong.habiganj.gov.bd,0,9/27/2021 17:07,9/27/2021 17:08
296,38,Lakhai,লাখাই,lakhai.habiganj.gov.bd,0,9/27/2021 17:07,9/27/2021 17:08
297,38,Chunarughat,চুনারুঘাট,chunarughat.habiganj.gov.bd,0,9/27/2021 17:07,9/27/2021 17:08
298,38,Habiganj Sadar,হবিগঞ্জ সদর,habiganjsadar.habiganj.gov.bd,0,9/27/2021 17:07,9/27/2021 17:08
299,38,Madhabpur,মাধবপুর,madhabpur.habiganj.gov.bd,0,9/27/2021 17:07,9/27/2021 17:08
300,39,Sunamganj Sadar,সুনামগঞ্জ সদর,sadar.sunamganj.gov.bd,0,9/27/2021 17:07,9/27/2021 17:08
301,39,South Sunamganj,দক্ষিণ সুনামগঞ্জ,southsunamganj.sunamganj.gov.bd,0,9/27/2021 17:07,9/27/2021 17:08
302,39,Bishwambarpur,বিশ্বম্ভরপুর,bishwambarpur.sunamganj.gov.bd,0,9/27/2021 17:07,9/27/2021 17:08
303,39,Chhatak,ছাতক,chhatak.sunamganj.gov.bd,0,9/27/2021 17:07,9/27/2021 17:08
304,39,Jagannathpur,জগন্নাথপুর,jagannathpur.sunamganj.gov.bd,0,9/27/2021 17:07,9/27/2021 17:08
305,39,Dowarabazar,দোয়ারাবাজার,dowarabazar.sunamganj.gov.bd,0,9/27/2021 17:07,9/27/2021 17:08
306,39,Tahirpur,তাহিরপুর,tahirpur.sunamganj.gov.bd,0,9/27/2021 17:07,9/27/2021 17:08
307,39,Dharmapasha,ধর্মপাশা,dharmapasha.sunamganj.gov.bd,0,9/27/2021 17:07,9/27/2021 17:08
308,39,Jamalganj,জামালগঞ্জ,jamalganj.sunamganj.gov.bd,0,9/27/2021 17:07,9/27/2021 17:08
309,39,Shalla,শাল্লা,shalla.sunamganj.gov.bd,0,9/27/2021 17:07,9/27/2021 17:08
310,39,Derai,দিরাই,derai.sunamganj.gov.bd,0,9/27/2021 17:07,9/27/2021 17:08
311,40,Belabo,বেলাবো,belabo.narsingdi.gov.bd,0,9/27/2021 17:07,9/27/2021 17:08
312,40,Monohardi,মনোহরদী,monohardi.narsingdi.gov.bd,0,9/27/2021 17:07,9/27/2021 17:08
313,40,Narsingdi Sadar,নরসিংদী সদর,narsingdisadar.narsingdi.gov.bd,0,9/27/2021 17:07,9/27/2021 17:08
314,40,Palash,পলাশ,palash.narsingdi.gov.bd,0,9/27/2021 17:07,9/27/2021 17:08
315,40,Raipura,রায়পুরা,raipura.narsingdi.gov.bd,0,9/27/2021 17:07,9/27/2021 17:08
316,40,Shibpur,শিবপুর,shibpur.narsingdi.gov.bd,0,9/27/2021 17:07,9/27/2021 17:08
317,41,Kaliganj,কালীগঞ্জ,kaliganj.gazipur.gov.bd,0,9/27/2021 17:07,9/27/2021 17:08
318,41,Kaliakair,কালিয়াকৈর,kaliakair.gazipur.gov.bd,0,9/27/2021 17:07,9/27/2021 17:08
319,41,Kapasia,কাপাসিয়া,kapasia.gazipur.gov.bd,0,9/27/2021 17:07,9/27/2021 17:08
320,41,Gazipur Sadar,গাজীপুর সদর,sadar.gazipur.gov.bd,0,9/27/2021 17:07,9/27/2021 17:08
321,41,Sreepur,শ্রীপুর,sreepur.gazipur.gov.bd,0,9/27/2021 17:07,9/27/2021 17:08
322,42,Shariatpur Sadar,শরিয়তপুর সদর,sadar.shariatpur.gov.bd,0,9/27/2021 17:07,9/27/2021 17:08
323,42,Naria,নড়িয়া,naria.shariatpur.gov.bd,0,9/27/2021 17:07,9/27/2021 17:08
324,42,Zajira,জাজিরা,zajira.shariatpur.gov.bd,0,9/27/2021 17:07,9/27/2021 17:08
325,42,Gosairhat,গোসাইরহাট,gosairhat.shariatpur.gov.bd,0,9/27/2021 17:07,9/27/2021 17:08
326,42,Bhedarganj,ভেদরগঞ্জ,bhedarganj.shariatpur.gov.bd,0,9/27/2021 17:07,9/27/2021 17:08
327,42,Damudya,ডামুড্যা,damudya.shariatpur.gov.bd,0,9/27/2021 17:07,9/27/2021 17:08
328,43,Araihazar,আড়াইহাজার,araihazar.narayanganj.gov.bd,0,9/27/2021 17:07,9/27/2021 17:08
329,43,Bandar,বন্দর,bandar.narayanganj.gov.bd,0,9/27/2021 17:07,9/27/2021 17:08
330,43,Narayanganj Sadar,নারায়নগঞ্জ সদর,narayanganjsadar.narayanganj.gov.bd,0,9/27/2021 17:07,9/27/2021 17:08
331,43,Rupganj,রূপগঞ্জ,rupganj.narayanganj.gov.bd,0,9/27/2021 17:07,9/27/2021 17:08
332,43,Sonargaon,সোনারগাঁ,sonargaon.narayanganj.gov.bd,0,9/27/2021 17:07,9/27/2021 17:08
333,44,Basail,বাসাইল,basail.tangail.gov.bd,0,9/27/2021 17:07,9/27/2021 17:08
334,44,Bhuapur,ভুয়াপুর,bhuapur.tangail.gov.bd,0,9/27/2021 17:07,9/27/2021 17:08
335,44,Delduar,দেলদুয়ার,delduar.tangail.gov.bd,0,9/27/2021 17:07,9/27/2021 17:08
336,44,Ghatail,ঘাটাইল,ghatail.tangail.gov.bd,0,9/27/2021 17:07,9/27/2021 17:08
337,44,Gopalpur,গোপালপুর,gopalpur.tangail.gov.bd,0,9/27/2021 17:07,9/27/2021 17:08
338,44,Madhupur,মধুপুর,madhupur.tangail.gov.bd,0,9/27/2021 17:07,9/27/2021 17:08
339,44,Mirzapur,মির্জাপুর,mirzapur.tangail.gov.bd,0,9/27/2021 17:07,9/27/2021 17:08
340,44,Nagarpur,নাগরপুর,nagarpur.tangail.gov.bd,0,9/27/2021 17:07,9/27/2021 17:08
341,44,Sakhipur,সখিপুর,sakhipur.tangail.gov.bd,0,9/27/2021 17:07,9/27/2021 17:08
342,44,Tangail Sadar,টাঙ্গাইল সদর,tangailsadar.tangail.gov.bd,0,9/27/2021 17:07,9/27/2021 17:08
343,44,Kalihati,কালিহাতী,kalihati.tangail.gov.bd,0,9/27/2021 17:07,9/27/2021 17:08
344,44,Dhanbari,ধনবাড়ী,dhanbari.tangail.gov.bd,0,9/27/2021 17:07,9/27/2021 17:08
345,45,Itna,ইটনা,itna.kishoreganj.gov.bd,0,9/27/2021 17:07,9/27/2021 17:08
346,45,Katiadi,কটিয়াদী,katiadi.kishoreganj.gov.bd,0,9/27/2021 17:07,9/27/2021 17:08
347,45,Bhairab,ভৈরব,bhairab.kishoreganj.gov.bd,0,9/27/2021 17:07,9/27/2021 17:08
348,45,Tarail,তাড়াইল,tarail.kishoreganj.gov.bd,0,9/27/2021 17:07,9/27/2021 17:08
349,45,Hossainpur,হোসেনপুর,hossainpur.kishoreganj.gov.bd,0,9/27/2021 17:07,9/27/2021 17:08
350,45,Pakundia,পাকুন্দিয়া,pakundia.kishoreganj.gov.bd,0,9/27/2021 17:07,9/27/2021 17:08
351,45,Kuliarchar,কুলিয়ারচর,kuliarchar.kishoreganj.gov.bd,0,9/27/2021 17:07,9/27/2021 17:08
352,45,Kishoreganj Sadar,কিশোরগঞ্জ সদর,kishoreganjsadar.kishoreganj.gov.bd,0,9/27/2021 17:07,9/27/2021 17:08
353,45,Karimgonj,করিমগঞ্জ,karimgonj.kishoreganj.gov.bd,0,9/27/2021 17:07,9/27/2021 17:08
354,45,Bajitpur,বাজিতপুর,bajitpur.kishoreganj.gov.bd,0,9/27/2021 17:07,9/27/2021 17:08
355,45,Austagram,অষ্টগ্রাম,austagram.kishoreganj.gov.bd,0,9/27/2021 17:07,9/27/2021 17:08
356,45,Mithamoin,মিঠামইন,mithamoin.kishoreganj.gov.bd,0,9/27/2021 17:07,9/27/2021 17:08
357,45,Nikli,নিকলী,nikli.kishoreganj.gov.bd,0,9/27/2021 17:07,9/27/2021 17:08
358,46,Harirampur,হরিরামপুর,harirampur.manikganj.gov.bd,0,9/27/2021 17:07,9/27/2021 17:08
359,46,Saturia,সাটুরিয়া,saturia.manikganj.gov.bd,0,9/27/2021 17:07,9/27/2021 17:08
360,46,Manikganj Sadar,মানিকগঞ্জ সদর,sadar.manikganj.gov.bd,0,9/27/2021 17:07,9/27/2021 17:08
361,46,Gior,ঘিওর,gior.manikganj.gov.bd,0,9/27/2021 17:07,9/27/2021 17:08
362,46,Shibaloy,শিবালয়,shibaloy.manikganj.gov.bd,0,9/27/2021 17:07,9/27/2021 17:08
363,46,Doulatpur,দৌলতপুর,doulatpur.manikganj.gov.bd,0,9/27/2021 17:07,9/27/2021 17:08
364,46,Singiar,সিংগাইর,singiar.manikganj.gov.bd,0,9/27/2021 17:07,9/27/2021 17:08
365,47,Savar,সাভার,savar.dhaka.gov.bd,0,9/27/2021 17:07,9/27/2021 17:08
366,47,Dhamrai,ধামরাই,dhamrai.dhaka.gov.bd,0,9/27/2021 17:07,9/27/2021 17:08
367,47,Keraniganj,কেরাণীগঞ্জ,keraniganj.dhaka.gov.bd,0,9/27/2021 17:07,9/27/2021 17:08
368,47,Nawabganj,নবাবগঞ্জ,nawabganj.dhaka.gov.bd,0,9/27/2021 17:07,9/27/2021 17:08
369,47,Dohar,দোহার,dohar.dhaka.gov.bd,0,9/27/2021 17:07,9/27/2021 17:08
370,48,Munshiganj Sadar,মুন্সিগঞ্জ সদর,sadar.munshiganj.gov.bd,0,9/27/2021 17:07,9/27/2021 17:08
371,48,Sreenagar,শ্রীনগর,sreenagar.munshiganj.gov.bd,0,9/27/2021 17:07,9/27/2021 17:08
372,48,Sirajdikhan,সিরাজদিখান,sirajdikhan.munshiganj.gov.bd,0,9/27/2021 17:07,9/27/2021 17:08
373,48,Louhajanj,লৌহজং,louhajanj.munshiganj.gov.bd,0,9/27/2021 17:07,9/27/2021 17:08
374,48,Gajaria,গজারিয়া,gajaria.munshiganj.gov.bd,0,9/27/2021 17:07,9/27/2021 17:08
375,48,Tongibari,টংগীবাড়ি,tongibari.munshiganj.gov.bd,0,9/27/2021 17:07,9/27/2021 17:08
376,49,Rajbari Sadar,রাজবাড়ী সদর,sadar.rajbari.gov.bd,0,9/27/2021 17:07,9/27/2021 17:08
377,49,Goalanda,গোয়ালন্দ,goalanda.rajbari.gov.bd,0,9/27/2021 17:07,9/27/2021 17:08
378,49,Pangsa,পাংশা,pangsa.rajbari.gov.bd,0,9/27/2021 17:07,9/27/2021 17:08
379,49,Baliakandi,বালিয়াকান্দি,baliakandi.rajbari.gov.bd,0,9/27/2021 17:07,9/27/2021 17:08
380,49,Kalukhali,কালুখালী,kalukhali.rajbari.gov.bd,0,9/27/2021 17:07,9/27/2021 17:08
381,50,Madaripur Sadar,মাদারীপুর সদর,sadar.madaripur.gov.bd,0,9/27/2021 17:07,9/27/2021 17:08
382,50,Shibchar,শিবচর,shibchar.madaripur.gov.bd,0,9/27/2021 17:07,9/27/2021 17:08
383,50,Kalkini,কালকিনি,kalkini.madaripur.gov.bd,0,9/27/2021 17:07,9/27/2021 17:08
384,50,Rajoir,রাজৈর,rajoir.madaripur.gov.bd,0,9/27/2021 17:07,9/27/2021 17:08
385,51,Gopalganj Sadar,গোপালগঞ্জ সদর,sadar.gopalganj.gov.bd,0,9/27/2021 17:07,9/27/2021 17:08
386,51,Kashiani,কাশিয়ানী,kashiani.gopalganj.gov.bd,0,9/27/2021 17:07,9/27/2021 17:08
387,51,Tungipara,টুংগীপাড়া,tungipara.gopalganj.gov.bd,0,9/27/2021 17:07,9/27/2021 17:08
388,51,Kotalipara,কোটালীপাড়া,kotalipara.gopalganj.gov.bd,0,9/27/2021 17:07,9/27/2021 17:08
389,51,Muksudpur,মুকসুদপুর,muksudpur.gopalganj.gov.bd,0,9/27/2021 17:07,9/27/2021 17:08
390,52,Faridpur Sadar,ফরিদপুর সদর,sadar.faridpur.gov.bd,0,9/27/2021 17:07,9/27/2021 17:08
391,52,Alfadanga,আলফাডাঙ্গা,alfadanga.faridpur.gov.bd,0,9/27/2021 17:07,9/27/2021 17:08
392,52,Boalmari,বোয়ালমারী,boalmari.faridpur.gov.bd,0,9/27/2021 17:07,9/27/2021 17:08
393,52,Sadarpur,সদরপুর,sadarpur.faridpur.gov.bd,0,9/27/2021 17:07,9/27/2021 17:08
394,52,Nagarkanda,নগরকান্দা,nagarkanda.faridpur.gov.bd,0,9/27/2021 17:07,9/27/2021 17:08
395,52,Bhanga,ভাঙ্গা,bhanga.faridpur.gov.bd,0,9/27/2021 17:07,9/27/2021 17:08
396,52,Charbhadrasan,চরভদ্রাসন,charbhadrasan.faridpur.gov.bd,0,9/27/2021 17:07,9/27/2021 17:08
397,52,Madhukhali,মধুখালী,madhukhali.faridpur.gov.bd,0,9/27/2021 17:07,9/27/2021 17:08
398,52,Saltha,সালথা,saltha.faridpur.gov.bd,0,9/27/2021 17:07,9/27/2021 17:08
399,53,Panchagarh Sadar,পঞ্চগড় সদর,panchagarhsadar.panchagarh.gov.bd,0,9/27/2021 17:07,9/27/2021 17:08
400,53,Debiganj,দেবীগঞ্জ,debiganj.panchagarh.gov.bd,0,9/27/2021 17:07,9/27/2021 17:08
401,53,Boda,বোদা,boda.panchagarh.gov.bd,0,9/27/2021 17:07,9/27/2021 17:08
402,53,Atwari,আটোয়ারী,atwari.panchagarh.gov.bd,0,9/27/2021 17:07,9/27/2021 17:08
403,53,Tetulia,তেতুলিয়া,tetulia.panchagarh.gov.bd,0,9/27/2021 17:07,9/27/2021 17:08
404,54,Nawabganj,নবাবগঞ্জ,nawabganj.dinajpur.gov.bd,0,9/27/2021 17:07,9/27/2021 17:08
405,54,Birganj,বীরগঞ্জ,birganj.dinajpur.gov.bd,0,9/27/2021 17:07,9/27/2021 17:08
406,54,Ghoraghat,ঘোড়াঘাট,ghoraghat.dinajpur.gov.bd,0,9/27/2021 17:07,9/27/2021 17:08
407,54,Birampur,বিরামপুর,birampur.dinajpur.gov.bd,0,9/27/2021 17:07,9/27/2021 17:08
408,54,Parbatipur,পার্বতীপুর,parbatipur.dinajpur.gov.bd,0,9/27/2021 17:07,9/27/2021 17:08
409,54,Bochaganj,বোচাগঞ্জ,bochaganj.dinajpur.gov.bd,0,9/27/2021 17:07,9/27/2021 17:08
410,54,Kaharol,কাহারোল,kaharol.dinajpur.gov.bd,0,9/27/2021 17:07,9/27/2021 17:08
411,54,Fulbari,ফুলবাড়ী,fulbari.dinajpur.gov.bd,0,9/27/2021 17:07,9/27/2021 17:08
412,54,Dinajpur Sadar,দিনাজপুর সদর,dinajpursadar.dinajpur.gov.bd,0,9/27/2021 17:07,9/27/2021 17:08
413,54,Hakimpur,হাকিমপুর,hakimpur.dinajpur.gov.bd,0,9/27/2021 17:07,9/27/2021 17:08
414,54,Khansama,খানসামা,khansama.dinajpur.gov.bd,0,9/27/2021 17:07,9/27/2021 17:08
415,54,Birol,বিরল,birol.dinajpur.gov.bd,0,9/27/2021 17:07,9/27/2021 17:08
416,54,Chirirbandar,চিরিরবন্দর,chirirbandar.dinajpur.gov.bd,0,9/27/2021 17:07,9/27/2021 17:08
417,55,Lalmonirhat Sadar,লালমনিরহাট সদর,sadar.lalmonirhat.gov.bd,0,9/27/2021 17:07,9/27/2021 17:08
418,55,Kaliganj,কালীগঞ্জ,kaliganj.lalmonirhat.gov.bd,0,9/27/2021 17:07,9/27/2021 17:08
419,55,Hatibandha,হাতীবান্ধা,hatibandha.lalmonirhat.gov.bd,0,9/27/2021 17:07,9/27/2021 17:08
420,55,Patgram,পাটগ্রাম,patgram.lalmonirhat.gov.bd,0,9/27/2021 17:07,9/27/2021 17:08
421,55,Aditmari,আদিতমারী,aditmari.lalmonirhat.gov.bd,0,9/27/2021 17:07,9/27/2021 17:08
422,56,Syedpur,সৈয়দপুর,syedpur.nilphamari.gov.bd,0,9/27/2021 17:07,9/27/2021 17:08
423,56,Domar,ডোমার,domar.nilphamari.gov.bd,0,9/27/2021 17:07,9/27/2021 17:08
424,56,Dimla,ডিমলা,dimla.nilphamari.gov.bd,0,9/27/2021 17:07,9/27/2021 17:08
425,56,Jaldhaka,জলঢাকা,jaldhaka.nilphamari.gov.bd,0,9/27/2021 17:07,9/27/2021 17:08
426,56,Kishorganj,কিশোরগঞ্জ,kishorganj.nilphamari.gov.bd,0,9/27/2021 17:07,9/27/2021 17:08
427,56,Nilphamari Sadar,নীলফামারী সদর,nilphamarisadar.nilphamari.gov.bd,0,9/27/2021 17:07,9/27/2021 17:08
428,57,Sadullapur,সাদুল্লাপুর,sadullapur.gaibandha.gov.bd,0,9/27/2021 17:07,9/27/2021 17:08
429,57,Gaibandha Sadar,গাইবান্ধা সদর,gaibandhasadar.gaibandha.gov.bd,0,9/27/2021 17:07,9/27/2021 17:08
430,57,Palashbari,পলাশবাড়ী,palashbari.gaibandha.gov.bd,0,9/27/2021 17:07,9/27/2021 17:08
431,57,Saghata,সাঘাটা,saghata.gaibandha.gov.bd,0,9/27/2021 17:07,9/27/2021 17:08
432,57,Gobindaganj,গোবিন্দগঞ্জ,gobindaganj.gaibandha.gov.bd,0,9/27/2021 17:07,9/27/2021 17:08
433,57,Sundarganj,সুন্দরগঞ্জ,sundarganj.gaibandha.gov.bd,0,9/27/2021 17:07,9/27/2021 17:08
434,57,Phulchari,ফুলছড়ি,phulchari.gaibandha.gov.bd,0,9/27/2021 17:07,9/27/2021 17:08
435,58,Thakurgaon Sadar,ঠাকুরগাঁও সদর,thakurgaonsadar.thakurgaon.gov.bd,0,9/27/2021 17:07,9/27/2021 17:08
436,58,Pirganj,পীরগঞ্জ,pirganj.thakurgaon.gov.bd,0,9/27/2021 17:07,9/27/2021 17:08
437,58,Ranisankail,রাণীশংকৈল,ranisankail.thakurgaon.gov.bd,0,9/27/2021 17:07,9/27/2021 17:08
438,58,Haripur,হরিপুর,haripur.thakurgaon.gov.bd,0,9/27/2021 17:07,9/27/2021 17:08
439,58,Baliadangi,বালিয়াডাঙ্গী,baliadangi.thakurgaon.gov.bd,0,9/27/2021 17:07,9/27/2021 17:08
440,59,Rangpur Sadar,রংপুর সদর,rangpursadar.rangpur.gov.bd,0,9/27/2021 17:07,9/27/2021 17:08
441,59,Gangachara,গংগাচড়া,gangachara.rangpur.gov.bd,0,9/27/2021 17:07,9/27/2021 17:08
442,59,Taragonj,তারাগঞ্জ,taragonj.rangpur.gov.bd,0,9/27/2021 17:07,9/27/2021 17:08
443,59,Badargonj,বদরগঞ্জ,badargonj.rangpur.gov.bd,0,9/27/2021 17:07,9/27/2021 17:08
444,59,Mithapukur,মিঠাপুকুর,mithapukur.rangpur.gov.bd,0,9/27/2021 17:07,9/27/2021 17:08
445,59,Pirgonj,পীরগঞ্জ,pirgonj.rangpur.gov.bd,0,9/27/2021 17:07,9/27/2021 17:08
446,59,Kaunia,কাউনিয়া,kaunia.rangpur.gov.bd,0,9/27/2021 17:07,9/27/2021 17:08
447,59,Pirgacha,পীরগাছা,pirgacha.rangpur.gov.bd,0,9/27/2021 17:07,9/27/2021 17:08
448,60,Kurigram Sadar,কুড়িগ্রাম সদর,kurigramsadar.kurigram.gov.bd,0,9/27/2021 17:07,9/27/2021 17:08
449,60,Nageshwari,নাগেশ্বরী,nageshwari.kurigram.gov.bd,0,9/27/2021 17:07,9/27/2021 17:08
450,60,Bhurungamari,ভুরুঙ্গামারী,bhurungamari.kurigram.gov.bd,0,9/27/2021 17:07,9/27/2021 17:08
451,60,Phulbari,ফুলবাড়ী,phulbari.kurigram.gov.bd,0,9/27/2021 17:07,9/27/2021 17:08
452,60,Rajarhat,রাজারহাট,rajarhat.kurigram.gov.bd,0,9/27/2021 17:07,9/27/2021 17:08
453,60,Ulipur,উলিপুর,ulipur.kurigram.gov.bd,0,9/27/2021 17:07,9/27/2021 17:08
454,60,Chilmari,চিলমারী,chilmari.kurigram.gov.bd,0,9/27/2021 17:07,9/27/2021 17:08
455,60,Rowmari,রৌমারী,rowmari.kurigram.gov.bd,0,9/27/2021 17:07,9/27/2021 17:08
456,60,Charrajibpur,চর রাজিবপুর,charrajibpur.kurigram.gov.bd,0,9/27/2021 17:07,9/27/2021 17:08
457,61,Sherpur Sadar,শেরপুর সদর,sherpursadar.sherpur.gov.bd,0,9/27/2021 17:07,9/27/2021 17:08
458,61,Nalitabari,নালিতাবাড়ী,nalitabari.sherpur.gov.bd,0,9/27/2021 17:07,9/27/2021 17:08
459,61,Sreebordi,শ্রীবরদী,sreebordi.sherpur.gov.bd,0,9/27/2021 17:07,9/27/2021 17:08
460,61,Nokla,নকলা,nokla.sherpur.gov.bd,0,9/27/2021 17:07,9/27/2021 17:08
461,61,Jhenaigati,ঝিনাইগাতী,jhenaigati.sherpur.gov.bd,0,9/27/2021 17:07,9/27/2021 17:08
462,62,Fulbaria,ফুলবাড়ীয়া,fulbaria.mymensingh.gov.bd,0,9/27/2021 17:07,9/27/2021 17:08
463,62,Trishal,ত্রিশাল,trishal.mymensingh.gov.bd,0,9/27/2021 17:07,9/27/2021 17:08
464,62,Bhaluka,ভালুকা,bhaluka.mymensingh.gov.bd,0,9/27/2021 17:07,9/27/2021 17:08
465,62,Muktagacha,মুক্তাগাছা,muktagacha.mymensingh.gov.bd,0,9/27/2021 17:07,9/27/2021 17:08
466,62,Mymensingh Sadar,ময়মনসিংহ সদর,mymensinghsadar.mymensingh.gov.bd,0,9/27/2021 17:07,9/27/2021 17:08
467,62,Dhobaura,ধোবাউড়া,dhobaura.mymensingh.gov.bd,0,9/27/2021 17:07,9/27/2021 17:08
468,62,Phulpur,ফুলপুর,phulpur.mymensingh.gov.bd,0,9/27/2021 17:07,9/27/2021 17:08
469,62,Haluaghat,হালুয়াঘাট,haluaghat.mymensingh.gov.bd,0,9/27/2021 17:07,9/27/2021 17:08
470,62,Gouripur,গৌরীপুর,gouripur.mymensingh.gov.bd,0,9/27/2021 17:07,9/27/2021 17:08
471,62,Gafargaon,গফরগাঁও,gafargaon.mymensingh.gov.bd,0,9/27/2021 17:07,9/27/2021 17:08
472,62,Iswarganj,ঈশ্বরগঞ্জ,iswarganj.mymensingh.gov.bd,0,9/27/2021 17:07,9/27/2021 17:08
473,62,Nandail,নান্দাইল,nandail.mymensingh.gov.bd,0,9/27/2021 17:07,9/27/2021 17:08
474,62,Tarakanda,তারাকান্দা,tarakanda.mymensingh.gov.bd,0,9/27/2021 17:07,9/27/2021 17:08
475,63,Jamalpur Sadar,জামালপুর সদর,jamalpursadar.jamalpur.gov.bd,0,9/27/2021 17:07,9/27/2021 17:08
476,63,Melandah,মেলান্দহ,melandah.jamalpur.gov.bd,0,9/27/2021 17:07,9/27/2021 17:08
477,63,Islampur,ইসলামপুর,islampur.jamalpur.gov.bd,0,9/27/2021 17:07,9/27/2021 17:08
478,63,Dewangonj,দেওয়ানগঞ্জ,dewangonj.jamalpur.gov.bd,0,9/27/2021 17:07,9/27/2021 17:08
479,63,Sarishabari,সরিষাবাড়ী,sarishabari.jamalpur.gov.bd,0,9/27/2021 17:07,9/27/2021 17:08
480,63,Madarganj,মাদারগঞ্জ,madarganj.jamalpur.gov.bd,0,9/27/2021 17:07,9/27/2021 17:08
481,63,Bokshiganj,বকশীগঞ্জ,bokshiganj.jamalpur.gov.bd,0,9/27/2021 17:07,9/27/2021 17:08
482,64,Barhatta,বারহাট্টা,barhatta.netrokona.gov.bd,0,9/27/2021 17:07,9/27/2021 17:08
483,64,Durgapur,দুর্গাপুর,durgapur.netrokona.gov.bd,0,9/27/2021 17:07,9/27/2021 17:08
484,64,Kendua,কেন্দুয়া,kendua.netrokona.gov.bd,0,9/27/2021 17:07,9/27/2021 17:08
485,64,Atpara,আটপাড়া,atpara.netrokona.gov.bd,0,9/27/2021 17:07,9/27/2021 17:08
486,64,Madan,মদন,madan.netrokona.gov.bd,0,9/27/2021 17:07,9/27/2021 17:08
487,64,Khaliajuri,খালিয়াজুরী,khaliajuri.netrokona.gov.bd,0,9/27/2021 17:07,9/27/2021 17:08
488,64,Kalmakanda,কলমাকান্দা,kalmakanda.netrokona.gov.bd,0,9/27/2021 17:07,9/27/2021 17:08
489,64,Mohongonj,মোহনগঞ্জ,mohongonj.netrokona.gov.bd,0,9/27/2021 17:07,9/27/2021 17:08
490,64,Purbadhala,পূর্বধলা,purbadhala.netrokona.gov.bd,0,9/27/2021 17:07,9/27/2021 17:08
491,64,Netrokona Sadar,নেত্রকোণা সদর,netrokonasadar.netrokona.gov.bd,0,9/27/2021 17:07,9/27/2021 17:08
